"Kod";"Nazwa";"Płeć";"Grupy osób";"Rok";"Wartosc";"Jednostka miary";"Atrybut";
0200000;"DOLNOŚLĄSKIE";"ogółem";"ogółem";"1998";160510;"osoba";"";
0200000;"DOLNOŚLĄSKIE";"ogółem";"ogółem";"1999";203376;"osoba";"";
0200000;"DOLNOŚLĄSKIE";"ogółem";"ogółem";"2000";231653;"osoba";"";
0200000;"DOLNOŚLĄSKIE";"ogółem";"ogółem";"2001";267435;"osoba";"";
0200000;"DOLNOŚLĄSKIE";"ogółem";"ogółem";"2002";279309;"osoba";"";
0200000;"DOLNOŚLĄSKIE";"ogółem";"ogółem";"2003";278271;"osoba";"";
0200000;"DOLNOŚLĄSKIE";"ogółem";"ogółem";"2004";257129;"osoba";"";
0200000;"DOLNOŚLĄSKIE";"ogółem";"ogółem";"2005";233352;"osoba";"";
0200000;"DOLNOŚLĄSKIE";"ogółem";"ogółem";"2006";185417;"osoba";"";
0200000;"DOLNOŚLĄSKIE";"ogółem";"ogółem";"2007";127457;"osoba";"";
0200000;"DOLNOŚLĄSKIE";"ogółem";"ogółem";"2008";113890;"osoba";"";
0200000;"DOLNOŚLĄSKIE";"ogółem";"ogółem";"2009";146260;"osoba";"";
0200000;"DOLNOŚLĄSKIE";"ogółem";"ogółem";"2010";150282;"osoba";"";
0200000;"DOLNOŚLĄSKIE";"ogółem";"ogółem";"2011";143575;"osoba";"";
0200000;"DOLNOŚLĄSKIE";"ogółem";"ogółem";"2012";157369;"osoba";"";
0200000;"DOLNOŚLĄSKIE";"ogółem";"ogółem";"2013";153558;"osoba";"";
0200000;"DOLNOŚLĄSKIE";"ogółem";"ogółem";"2014";121562;"osoba";"";
0200000;"DOLNOŚLĄSKIE";"ogółem";"ogółem";"2015";99952;"osoba";"";
0200000;"DOLNOŚLĄSKIE";"ogółem";"ogółem";"2016";85984;"osoba";"";
0200000;"DOLNOŚLĄSKIE";"ogółem";"ogółem";"2017";68813;"osoba";"";
0200000;"DOLNOŚLĄSKIE";"ogółem";"ogółem";"2018";62842;"osoba";"";
0200000;"DOLNOŚLĄSKIE";"ogółem";"ogółem";"2019";56022;"osoba";"";
0200000;"DOLNOŚLĄSKIE";"ogółem";"ogółem";"2020";68822;"osoba";"";
0200000;"DOLNOŚLĄSKIE";"ogółem";"ogółem";"2021";58738;"osoba";"";
0200000;"DOLNOŚLĄSKIE";"ogółem";"ogółem";"2022";53952;"osoba";"";
0200000;"DOLNOŚLĄSKIE";"ogółem";"ogółem";"2023";52970;"osoba";"";
0200000;"DOLNOŚLĄSKIE";"ogółem";"ogółem";"2024";55474;"osoba";"";
0200000;"DOLNOŚLĄSKIE";"ogółem";"ogółem";"2025";63758;"osoba";"";
0400000;"KUJAWSKO-POMORSKIE";"ogółem";"ogółem";"1998";128192;"osoba";"";
0400000;"KUJAWSKO-POMORSKIE";"ogółem";"ogółem";"1999";156309;"osoba";"";
0400000;"KUJAWSKO-POMORSKIE";"ogółem";"ogółem";"2000";181230;"osoba";"";
0400000;"KUJAWSKO-POMORSKIE";"ogółem";"ogółem";"2001";205232;"osoba";"";
0400000;"KUJAWSKO-POMORSKIE";"ogółem";"ogółem";"2002";211593;"osoba";"";
0400000;"KUJAWSKO-POMORSKIE";"ogółem";"ogółem";"2003";212066;"osoba";"";
0400000;"KUJAWSKO-POMORSKIE";"ogółem";"ogółem";"2004";199566;"osoba";"";
0400000;"KUJAWSKO-POMORSKIE";"ogółem";"ogółem";"2005";188021;"osoba";"";
0400000;"KUJAWSKO-POMORSKIE";"ogółem";"ogółem";"2006";160061;"osoba";"";
0400000;"KUJAWSKO-POMORSKIE";"ogółem";"ogółem";"2007";123243;"osoba";"";
0400000;"KUJAWSKO-POMORSKIE";"ogółem";"ogółem";"2008";110256;"osoba";"";
0400000;"KUJAWSKO-POMORSKIE";"ogółem";"ogółem";"2009";134127;"osoba";"";
0400000;"KUJAWSKO-POMORSKIE";"ogółem";"ogółem";"2010";139401;"osoba";"";
0400000;"KUJAWSKO-POMORSKIE";"ogółem";"ogółem";"2011";139622;"osoba";"";
0400000;"KUJAWSKO-POMORSKIE";"ogółem";"ogółem";"2012";148839;"osoba";"";
0400000;"KUJAWSKO-POMORSKIE";"ogółem";"ogółem";"2013";150145;"osoba";"";
0400000;"KUJAWSKO-POMORSKIE";"ogółem";"ogółem";"2014";127111;"osoba";"";
0400000;"KUJAWSKO-POMORSKIE";"ogółem";"ogółem";"2015";107255;"osoba";"";
0400000;"KUJAWSKO-POMORSKIE";"ogółem";"ogółem";"2016";98522;"osoba";"";
0400000;"KUJAWSKO-POMORSKIE";"ogółem";"ogółem";"2017";81543;"osoba";"";
0400000;"KUJAWSKO-POMORSKIE";"ogółem";"ogółem";"2018";72655;"osoba";"";
0400000;"KUJAWSKO-POMORSKIE";"ogółem";"ogółem";"2019";64060;"osoba";"";
0400000;"KUJAWSKO-POMORSKIE";"ogółem";"ogółem";"2020";73482;"osoba";"";
0400000;"KUJAWSKO-POMORSKIE";"ogółem";"ogółem";"2021";61861;"osoba";"";
0400000;"KUJAWSKO-POMORSKIE";"ogółem";"ogółem";"2022";56484;"osoba";"";
0400000;"KUJAWSKO-POMORSKIE";"ogółem";"ogółem";"2023";54376;"osoba";"";
0400000;"KUJAWSKO-POMORSKIE";"ogółem";"ogółem";"2024";55333;"osoba";"";
0400000;"KUJAWSKO-POMORSKIE";"ogółem";"ogółem";"2025";59310;"osoba";"";
0600000;"LUBELSKIE";"ogółem";"ogółem";"1998";117136;"osoba";"";
0600000;"LUBELSKIE";"ogółem";"ogółem";"1999";148096;"osoba";"";
0600000;"LUBELSKIE";"ogółem";"ogółem";"2000";159717;"osoba";"";
0600000;"LUBELSKIE";"ogółem";"ogółem";"2001";178980;"osoba";"";
0600000;"LUBELSKIE";"ogółem";"ogółem";"2002";178879;"osoba";"";
0600000;"LUBELSKIE";"ogółem";"ogółem";"2003";174529;"osoba";"";
0600000;"LUBELSKIE";"ogółem";"ogółem";"2004";164752;"osoba";"";
0600000;"LUBELSKIE";"ogółem";"ogółem";"2005";156832;"osoba";"";
0600000;"LUBELSKIE";"ogółem";"ogółem";"2006";141763;"osoba";"";
0600000;"LUBELSKIE";"ogółem";"ogółem";"2007";118146;"osoba";"";
0600000;"LUBELSKIE";"ogółem";"ogółem";"2008";101561;"osoba";"";
0600000;"LUBELSKIE";"ogółem";"ogółem";"2009";117237;"osoba";"";
0600000;"LUBELSKIE";"ogółem";"ogółem";"2010";119709;"osoba";"";
0600000;"LUBELSKIE";"ogółem";"ogółem";"2011";122441;"osoba";"";
0600000;"LUBELSKIE";"ogółem";"ogółem";"2012";131125;"osoba";"";
0600000;"LUBELSKIE";"ogółem";"ogółem";"2013";134042;"osoba";"";
0600000;"LUBELSKIE";"ogółem";"ogółem";"2014";116869;"osoba";"";
0600000;"LUBELSKIE";"ogółem";"ogółem";"2015";107895;"osoba";"";
0600000;"LUBELSKIE";"ogółem";"ogółem";"2016";95596;"osoba";"";
0600000;"LUBELSKIE";"ogółem";"ogółem";"2017";81221;"osoba";"";
0600000;"LUBELSKIE";"ogółem";"ogółem";"2018";74449;"osoba";"";
0600000;"LUBELSKIE";"ogółem";"ogółem";"2019";69379;"osoba";"";
0600000;"LUBELSKIE";"ogółem";"ogółem";"2020";76505;"osoba";"";
0600000;"LUBELSKIE";"ogółem";"ogółem";"2021";66244;"osoba";"";
0600000;"LUBELSKIE";"ogółem";"ogółem";"2022";61254;"osoba";"";
0600000;"LUBELSKIE";"ogółem";"ogółem";"2023";57386;"osoba";"";
0600000;"LUBELSKIE";"ogółem";"ogółem";"2024";55774;"osoba";"";
0600000;"LUBELSKIE";"ogółem";"ogółem";"2025";61462;"osoba";"";
0800000;"LUBUSKIE";"ogółem";"ogółem";"1998";54227;"osoba";"";
0800000;"LUBUSKIE";"ogółem";"ogółem";"1999";74740;"osoba";"";
0800000;"LUBUSKIE";"ogółem";"ogółem";"2000";89139;"osoba";"";
0800000;"LUBUSKIE";"ogółem";"ogółem";"2001";102187;"osoba";"";
0800000;"LUBUSKIE";"ogółem";"ogółem";"2002";109551;"osoba";"";
0800000;"LUBUSKIE";"ogółem";"ogółem";"2003";108026;"osoba";"";
0800000;"LUBUSKIE";"ogółem";"ogółem";"2004";99389;"osoba";"";
0800000;"LUBUSKIE";"ogółem";"ogółem";"2005";89151;"osoba";"";
0800000;"LUBUSKIE";"ogółem";"ogółem";"2006";72816;"osoba";"";
0800000;"LUBUSKIE";"ogółem";"ogółem";"2007";52293;"osoba";"";
0800000;"LUBUSKIE";"ogółem";"ogółem";"2008";46311;"osoba";"";
0800000;"LUBUSKIE";"ogółem";"ogółem";"2009";61062;"osoba";"";
0800000;"LUBUSKIE";"ogółem";"ogółem";"2010";59225;"osoba";"";
0800000;"LUBUSKIE";"ogółem";"ogółem";"2011";59134;"osoba";"";
0800000;"LUBUSKIE";"ogółem";"ogółem";"2012";60614;"osoba";"";
0800000;"LUBUSKIE";"ogółem";"ogółem";"2013";59805;"osoba";"";
0800000;"LUBUSKIE";"ogółem";"ogółem";"2014";47115;"osoba";"";
0800000;"LUBUSKIE";"ogółem";"ogółem";"2015";39348;"osoba";"";
0800000;"LUBUSKIE";"ogółem";"ogółem";"2016";32367;"osoba";"";
0800000;"LUBUSKIE";"ogółem";"ogółem";"2017";24605;"osoba";"";
0800000;"LUBUSKIE";"ogółem";"ogółem";"2018";22201;"osoba";"";
0800000;"LUBUSKIE";"ogółem";"ogółem";"2019";18498;"osoba";"";
0800000;"LUBUSKIE";"ogółem";"ogółem";"2020";23674;"osoba";"";
0800000;"LUBUSKIE";"ogółem";"ogółem";"2021";18158;"osoba";"";
0800000;"LUBUSKIE";"ogółem";"ogółem";"2022";15725;"osoba";"";
0800000;"LUBUSKIE";"ogółem";"ogółem";"2023";15379;"osoba";"";
0800000;"LUBUSKIE";"ogółem";"ogółem";"2024";15926;"osoba";"";
0800000;"LUBUSKIE";"ogółem";"ogółem";"2025";20380;"osoba";"";
1000000;"ŁÓDZKIE";"ogółem";"ogółem";"1998";144287;"osoba";"";
1000000;"ŁÓDZKIE";"ogółem";"ogółem";"1999";182547;"osoba";"";
1000000;"ŁÓDZKIE";"ogółem";"ogółem";"2000";208064;"osoba";"";
1000000;"ŁÓDZKIE";"ogółem";"ogółem";"2001";230631;"osoba";"";
1000000;"ŁÓDZKIE";"ogółem";"ogółem";"2002";234888;"osoba";"";
1000000;"ŁÓDZKIE";"ogółem";"ogółem";"2003";233064;"osoba";"";
1000000;"ŁÓDZKIE";"ogółem";"ogółem";"2004";218281;"osoba";"";
1000000;"ŁÓDZKIE";"ogółem";"ogółem";"2005";198429;"osoba";"";
1000000;"ŁÓDZKIE";"ogółem";"ogółem";"2006";160698;"osoba";"";
1000000;"ŁÓDZKIE";"ogółem";"ogółem";"2007";123148;"osoba";"";
1000000;"ŁÓDZKIE";"ogółem";"ogółem";"2008";99191;"osoba";"";
1000000;"ŁÓDZKIE";"ogółem";"ogółem";"2009";128105;"osoba";"";
1000000;"ŁÓDZKIE";"ogółem";"ogółem";"2010";131617;"osoba";"";
1000000;"ŁÓDZKIE";"ogółem";"ogółem";"2011";138652;"osoba";"";
1000000;"ŁÓDZKIE";"ogółem";"ogółem";"2012";151036;"osoba";"";
1000000;"ŁÓDZKIE";"ogółem";"ogółem";"2013";151626;"osoba";"";
1000000;"ŁÓDZKIE";"ogółem";"ogółem";"2014";126157;"osoba";"";
1000000;"ŁÓDZKIE";"ogółem";"ogółem";"2015";109510;"osoba";"";
1000000;"ŁÓDZKIE";"ogółem";"ogółem";"2016";91041;"osoba";"";
1000000;"ŁÓDZKIE";"ogółem";"ogółem";"2017";72662;"osoba";"";
1000000;"ŁÓDZKIE";"ogółem";"ogółem";"2018";66036;"osoba";"";
1000000;"ŁÓDZKIE";"ogółem";"ogółem";"2019";58722;"osoba";"";
1000000;"ŁÓDZKIE";"ogółem";"ogółem";"2020";67812;"osoba";"";
1000000;"ŁÓDZKIE";"ogółem";"ogółem";"2021";60902;"osoba";"";
1000000;"ŁÓDZKIE";"ogółem";"ogółem";"2022";54397;"osoba";"";
1000000;"ŁÓDZKIE";"ogółem";"ogółem";"2023";53158;"osoba";"";
1000000;"ŁÓDZKIE";"ogółem";"ogółem";"2024";53336;"osoba";"";
1000000;"ŁÓDZKIE";"ogółem";"ogółem";"2025";61984;"osoba";"";
1200000;"MAŁOPOLSKIE";"ogółem";"ogółem";"1998";114491;"osoba";"";
1200000;"MAŁOPOLSKIE";"ogółem";"ogółem";"1999";158210;"osoba";"";
1200000;"MAŁOPOLSKIE";"ogółem";"ogółem";"2000";185152;"osoba";"";
1200000;"MAŁOPOLSKIE";"ogółem";"ogółem";"2001";213093;"osoba";"";
1200000;"MAŁOPOLSKIE";"ogółem";"ogółem";"2002";208175;"osoba";"";
1200000;"MAŁOPOLSKIE";"ogółem";"ogółem";"2003";208028;"osoba";"";
1200000;"MAŁOPOLSKIE";"ogółem";"ogółem";"2004";193579;"osoba";"";
1200000;"MAŁOPOLSKIE";"ogółem";"ogółem";"2005";178067;"osoba";"";
1200000;"MAŁOPOLSKIE";"ogółem";"ogółem";"2006";145261;"osoba";"";
1200000;"MAŁOPOLSKIE";"ogółem";"ogółem";"2007";112602;"osoba";"";
1200000;"MAŁOPOLSKIE";"ogółem";"ogółem";"2008";97813;"osoba";"";
1200000;"MAŁOPOLSKIE";"ogółem";"ogółem";"2009";130007;"osoba";"";
1200000;"MAŁOPOLSKIE";"ogółem";"ogółem";"2010";142221;"osoba";"";
1200000;"MAŁOPOLSKIE";"ogółem";"ogółem";"2011";145094;"osoba";"";
1200000;"MAŁOPOLSKIE";"ogółem";"ogółem";"2012";161161;"osoba";"";
1200000;"MAŁOPOLSKIE";"ogółem";"ogółem";"2013";164434;"osoba";"";
1200000;"MAŁOPOLSKIE";"ogółem";"ogółem";"2014";139027;"osoba";"";
1200000;"MAŁOPOLSKIE";"ogółem";"ogółem";"2015";119601;"osoba";"";
1200000;"MAŁOPOLSKIE";"ogółem";"ogółem";"2016";96531;"osoba";"";
1200000;"MAŁOPOLSKIE";"ogółem";"ogółem";"2017";79430;"osoba";"";
1200000;"MAŁOPOLSKIE";"ogółem";"ogółem";"2018";71489;"osoba";"";
1200000;"MAŁOPOLSKIE";"ogółem";"ogółem";"2019";62610;"osoba";"";
1200000;"MAŁOPOLSKIE";"ogółem";"ogółem";"2020";83050;"osoba";"";
1200000;"MAŁOPOLSKIE";"ogółem";"ogółem";"2021";69948;"osoba";"";
1200000;"MAŁOPOLSKIE";"ogółem";"ogółem";"2022";64379;"osoba";"";
1200000;"MAŁOPOLSKIE";"ogółem";"ogółem";"2023";60947;"osoba";"";
1200000;"MAŁOPOLSKIE";"ogółem";"ogółem";"2024";60654;"osoba";"";
1200000;"MAŁOPOLSKIE";"ogółem";"ogółem";"2025";69333;"osoba";"";
1400000;"MAZOWIECKIE";"ogółem";"ogółem";"1998";195927;"osoba";"";
1400000;"MAZOWIECKIE";"ogółem";"ogółem";"1999";249216;"osoba";"";
1400000;"MAZOWIECKIE";"ogółem";"ogółem";"2000";289872;"osoba";"";
1400000;"MAZOWIECKIE";"ogółem";"ogółem";"2001";346118;"osoba";"";
1400000;"MAZOWIECKIE";"ogółem";"ogółem";"2002";368856;"osoba";"";
1400000;"MAZOWIECKIE";"ogółem";"ogółem";"2003";363554;"osoba";"";
1400000;"MAZOWIECKIE";"ogółem";"ogółem";"2004";352946;"osoba";"";
1400000;"MAZOWIECKIE";"ogółem";"ogółem";"2005";332525;"osoba";"";
1400000;"MAZOWIECKIE";"ogółem";"ogółem";"2006";285612;"osoba";"";
1400000;"MAZOWIECKIE";"ogółem";"ogółem";"2007";219924;"osoba";"";
1400000;"MAZOWIECKIE";"ogółem";"ogółem";"2008";178028;"osoba";"";
1400000;"MAZOWIECKIE";"ogółem";"ogółem";"2009";224480;"osoba";"";
1400000;"MAZOWIECKIE";"ogółem";"ogółem";"2010";238341;"osoba";"";
1400000;"MAZOWIECKIE";"ogółem";"ogółem";"2011";246739;"osoba";"";
1400000;"MAZOWIECKIE";"ogółem";"ogółem";"2012";271927;"osoba";"";
1400000;"MAZOWIECKIE";"ogółem";"ogółem";"2013";283196;"osoba";"";
1400000;"MAZOWIECKIE";"ogółem";"ogółem";"2014";249777;"osoba";"";
1400000;"MAZOWIECKIE";"ogółem";"ogółem";"2015";216527;"osoba";"";
1400000;"MAZOWIECKIE";"ogółem";"ogółem";"2016";188910;"osoba";"";
1400000;"MAZOWIECKIE";"ogółem";"ogółem";"2017";154068;"osoba";"";
1400000;"MAZOWIECKIE";"ogółem";"ogółem";"2018";136545;"osoba";"";
1400000;"MAZOWIECKIE";"ogółem";"ogółem";"2019";123208;"osoba";"";
1400000;"MAZOWIECKIE";"ogółem";"ogółem";"2020";146375;"osoba";"";
1400000;"MAZOWIECKIE";"ogółem";"ogółem";"2021";129248;"osoba";"";
1400000;"MAZOWIECKIE";"ogółem";"ogółem";"2022";116520;"osoba";"";
1400000;"MAZOWIECKIE";"ogółem";"ogółem";"2023";110526;"osoba";"";
1400000;"MAZOWIECKIE";"ogółem";"ogółem";"2024";109020;"osoba";"";
1400000;"MAZOWIECKIE";"ogółem";"ogółem";"2025";118186;"osoba";"";
1600000;"OPOLSKIE";"ogółem";"ogółem";"1998";46112;"osoba";"";
1600000;"OPOLSKIE";"ogółem";"ogółem";"1999";59476;"osoba";"";
1600000;"OPOLSKIE";"ogółem";"ogółem";"2000";69311;"osoba";"";
1600000;"OPOLSKIE";"ogółem";"ogółem";"2001";78557;"osoba";"";
1600000;"OPOLSKIE";"ogółem";"ogółem";"2002";83436;"osoba";"";
1600000;"OPOLSKIE";"ogółem";"ogółem";"2003";81623;"osoba";"";
1600000;"OPOLSKIE";"ogółem";"ogółem";"2004";74553;"osoba";"";
1600000;"OPOLSKIE";"ogółem";"ogółem";"2005";69396;"osoba";"";
1600000;"OPOLSKIE";"ogółem";"ogółem";"2006";60058;"osoba";"";
1600000;"OPOLSKIE";"ogółem";"ogółem";"2007";43338;"osoba";"";
1600000;"OPOLSKIE";"ogółem";"ogółem";"2008";35698;"osoba";"";
1600000;"OPOLSKIE";"ogółem";"ogółem";"2009";47129;"osoba";"";
1600000;"OPOLSKIE";"ogółem";"ogółem";"2010";48775;"osoba";"";
1600000;"OPOLSKIE";"ogółem";"ogółem";"2011";48029;"osoba";"";
1600000;"OPOLSKIE";"ogółem";"ogółem";"2012";51775;"osoba";"";
1600000;"OPOLSKIE";"ogółem";"ogółem";"2013";51636;"osoba";"";
1600000;"OPOLSKIE";"ogółem";"ogółem";"2014";42361;"osoba";"";
1600000;"OPOLSKIE";"ogółem";"ogółem";"2015";36203;"osoba";"";
1600000;"OPOLSKIE";"ogółem";"ogółem";"2016";32419;"osoba";"";
1600000;"OPOLSKIE";"ogółem";"ogółem";"2017";26066;"osoba";"";
1600000;"OPOLSKIE";"ogółem";"ogółem";"2018";22663;"osoba";"";
1600000;"OPOLSKIE";"ogółem";"ogółem";"2019";20948;"osoba";"";
1600000;"OPOLSKIE";"ogółem";"ogółem";"2020";24976;"osoba";"";
1600000;"OPOLSKIE";"ogółem";"ogółem";"2021";21535;"osoba";"";
1600000;"OPOLSKIE";"ogółem";"ogółem";"2022";20524;"osoba";"";
1600000;"OPOLSKIE";"ogółem";"ogółem";"2023";20309;"osoba";"";
1600000;"OPOLSKIE";"ogółem";"ogółem";"2024";19997;"osoba";"";
1600000;"OPOLSKIE";"ogółem";"ogółem";"2025";21740;"osoba";"";
1800000;"PODKARPACKIE";"ogółem";"ogółem";"1998";137367;"osoba";"";
1800000;"PODKARPACKIE";"ogółem";"ogółem";"1999";164692;"osoba";"";
1800000;"PODKARPACKIE";"ogółem";"ogółem";"2000";182168;"osoba";"";
1800000;"PODKARPACKIE";"ogółem";"ogółem";"2001";195173;"osoba";"";
1800000;"PODKARPACKIE";"ogółem";"ogółem";"2002";187519;"osoba";"";
1800000;"PODKARPACKIE";"ogółem";"ogółem";"2003";182497;"osoba";"";
1800000;"PODKARPACKIE";"ogółem";"ogółem";"2004";170293;"osoba";"";
1800000;"PODKARPACKIE";"ogółem";"ogółem";"2005";163956;"osoba";"";
1800000;"PODKARPACKIE";"ogółem";"ogółem";"2006";145246;"osoba";"";
1800000;"PODKARPACKIE";"ogółem";"ogółem";"2007";126360;"osoba";"";
1800000;"PODKARPACKIE";"ogółem";"ogółem";"2008";115567;"osoba";"";
1800000;"PODKARPACKIE";"ogółem";"ogółem";"2009";141944;"osoba";"";
1800000;"PODKARPACKIE";"ogółem";"ogółem";"2010";142263;"osoba";"";
1800000;"PODKARPACKIE";"ogółem";"ogółem";"2011";146208;"osoba";"";
1800000;"PODKARPACKIE";"ogółem";"ogółem";"2012";153807;"osoba";"";
1800000;"PODKARPACKIE";"ogółem";"ogółem";"2013";154216;"osoba";"";
1800000;"PODKARPACKIE";"ogółem";"ogółem";"2014";137932;"osoba";"";
1800000;"PODKARPACKIE";"ogółem";"ogółem";"2015";123514;"osoba";"";
1800000;"PODKARPACKIE";"ogółem";"ogółem";"2016";107567;"osoba";"";
1800000;"PODKARPACKIE";"ogółem";"ogółem";"2017";90972;"osoba";"";
1800000;"PODKARPACKIE";"ogółem";"ogółem";"2018";82933;"osoba";"";
1800000;"PODKARPACKIE";"ogółem";"ogółem";"2019";75455;"osoba";"";
1800000;"PODKARPACKIE";"ogółem";"ogółem";"2020";87326;"osoba";"";
1800000;"PODKARPACKIE";"ogółem";"ogółem";"2021";77291;"osoba";"";
1800000;"PODKARPACKIE";"ogółem";"ogółem";"2022";69046;"osoba";"";
1800000;"PODKARPACKIE";"ogółem";"ogółem";"2023";67653;"osoba";"";
1800000;"PODKARPACKIE";"ogółem";"ogółem";"2024";67336;"osoba";"";
1800000;"PODKARPACKIE";"ogółem";"ogółem";"2025";72059;"osoba";"";
2000000;"PODLASKIE";"ogółem";"ogółem";"1998";62750;"osoba";"";
2000000;"PODLASKIE";"ogółem";"ogółem";"1999";72752;"osoba";"";
2000000;"PODLASKIE";"ogółem";"ogółem";"2000";79232;"osoba";"";
2000000;"PODLASKIE";"ogółem";"ogółem";"2001";86471;"osoba";"";
2000000;"PODLASKIE";"ogółem";"ogółem";"2002";86074;"osoba";"";
2000000;"PODLASKIE";"ogółem";"ogółem";"2003";81274;"osoba";"";
2000000;"PODLASKIE";"ogółem";"ogółem";"2004";76125;"osoba";"";
2000000;"PODLASKIE";"ogółem";"ogółem";"2005";73193;"osoba";"";
2000000;"PODLASKIE";"ogółem";"ogółem";"2006";61773;"osoba";"";
2000000;"PODLASKIE";"ogółem";"ogółem";"2007";48796;"osoba";"";
2000000;"PODLASKIE";"ogółem";"ogółem";"2008";45821;"osoba";"";
2000000;"PODLASKIE";"ogółem";"ogółem";"2009";61169;"osoba";"";
2000000;"PODLASKIE";"ogółem";"ogółem";"2010";63761;"osoba";"";
2000000;"PODLASKIE";"ogółem";"ogółem";"2011";65920;"osoba";"";
2000000;"PODLASKIE";"ogółem";"ogółem";"2012";68705;"osoba";"";
2000000;"PODLASKIE";"ogółem";"ogółem";"2013";70889;"osoba";"";
2000000;"PODLASKIE";"ogółem";"ogółem";"2014";60394;"osoba";"";
2000000;"PODLASKIE";"ogółem";"ogółem";"2015";55019;"osoba";"";
2000000;"PODLASKIE";"ogółem";"ogółem";"2016";48361;"osoba";"";
2000000;"PODLASKIE";"ogółem";"ogółem";"2017";39997;"osoba";"";
2000000;"PODLASKIE";"ogółem";"ogółem";"2018";36786;"osoba";"";
2000000;"PODLASKIE";"ogółem";"ogółem";"2019";33277;"osoba";"";
2000000;"PODLASKIE";"ogółem";"ogółem";"2020";37830;"osoba";"";
2000000;"PODLASKIE";"ogółem";"ogółem";"2021";33374;"osoba";"";
2000000;"PODLASKIE";"ogółem";"ogółem";"2022";31185;"osoba";"";
2000000;"PODLASKIE";"ogółem";"ogółem";"2023";30992;"osoba";"";
2000000;"PODLASKIE";"ogółem";"ogółem";"2024";30354;"osoba";"";
2000000;"PODLASKIE";"ogółem";"ogółem";"2025";32402;"osoba";"";
2200000;"POMORSKIE";"ogółem";"ogółem";"1998";93679;"osoba";"";
2200000;"POMORSKIE";"ogółem";"ogółem";"1999";124676;"osoba";"";
2200000;"POMORSKIE";"ogółem";"ogółem";"2000";147219;"osoba";"";
2200000;"POMORSKIE";"ogółem";"ogółem";"2001";175735;"osoba";"";
2200000;"POMORSKIE";"ogółem";"ogółem";"2002";191752;"osoba";"";
2200000;"POMORSKIE";"ogółem";"ogółem";"2003";191525;"osoba";"";
2200000;"POMORSKIE";"ogółem";"ogółem";"2004";179658;"osoba";"";
2200000;"POMORSKIE";"ogółem";"ogółem";"2005";159900;"osoba";"";
2200000;"POMORSKIE";"ogółem";"ogółem";"2006";125951;"osoba";"";
2200000;"POMORSKIE";"ogółem";"ogółem";"2007";86904;"osoba";"";
2200000;"POMORSKIE";"ogółem";"ogółem";"2008";67771;"osoba";"";
2200000;"POMORSKIE";"ogółem";"ogółem";"2009";100267;"osoba";"";
2200000;"POMORSKIE";"ogółem";"ogółem";"2010";104694;"osoba";"";
2200000;"POMORSKIE";"ogółem";"ogółem";"2011";106667;"osoba";"";
2200000;"POMORSKIE";"ogółem";"ogółem";"2012";114644;"osoba";"";
2200000;"POMORSKIE";"ogółem";"ogółem";"2013";114148;"osoba";"";
2200000;"POMORSKIE";"ogółem";"ogółem";"2014";96752;"osoba";"";
2200000;"POMORSKIE";"ogółem";"ogółem";"2015";77662;"osoba";"";
2200000;"POMORSKIE";"ogółem";"ogółem";"2016";64132;"osoba";"";
2200000;"POMORSKIE";"ogółem";"ogółem";"2017";49653;"osoba";"";
2200000;"POMORSKIE";"ogółem";"ogółem";"2018";46082;"osoba";"";
2200000;"POMORSKIE";"ogółem";"ogółem";"2019";41817;"osoba";"";
2200000;"POMORSKIE";"ogółem";"ogółem";"2020";56216;"osoba";"";
2200000;"POMORSKIE";"ogółem";"ogółem";"2021";47682;"osoba";"";
2200000;"POMORSKIE";"ogółem";"ogółem";"2022";42401;"osoba";"";
2200000;"POMORSKIE";"ogółem";"ogółem";"2023";42807;"osoba";"";
2200000;"POMORSKIE";"ogółem";"ogółem";"2024";42924;"osoba";"";
2200000;"POMORSKIE";"ogółem";"ogółem";"2025";49666;"osoba";"";
2400000;"ŚLĄSKIE";"ogółem";"ogółem";"1998";150174;"osoba";"";
2400000;"ŚLĄSKIE";"ogółem";"ogółem";"1999";210253;"osoba";"";
2400000;"ŚLĄSKIE";"ogółem";"ogółem";"2000";259790;"osoba";"";
2400000;"ŚLĄSKIE";"ogółem";"ogółem";"2001";313353;"osoba";"";
2400000;"ŚLĄSKIE";"ogółem";"ogółem";"2002";330150;"osoba";"";
2400000;"ŚLĄSKIE";"ogółem";"ogółem";"2003";325516;"osoba";"";
2400000;"ŚLĄSKIE";"ogółem";"ogółem";"2004";309704;"osoba";"";
2400000;"ŚLĄSKIE";"ogółem";"ogółem";"2005";281280;"osoba";"";
2400000;"ŚLĄSKIE";"ogółem";"ogółem";"2006";229819;"osoba";"";
2400000;"ŚLĄSKIE";"ogółem";"ogółem";"2007";165960;"osoba";"";
2400000;"ŚLĄSKIE";"ogółem";"ogółem";"2008";122748;"osoba";"";
2400000;"ŚLĄSKIE";"ogółem";"ogółem";"2009";168425;"osoba";"";
2400000;"ŚLĄSKIE";"ogółem";"ogółem";"2010";181198;"osoba";"";
2400000;"ŚLĄSKIE";"ogółem";"ogółem";"2011";186187;"osoba";"";
2400000;"ŚLĄSKIE";"ogółem";"ogółem";"2012";205459;"osoba";"";
2400000;"ŚLĄSKIE";"ogółem";"ogółem";"2013";208296;"osoba";"";
2400000;"ŚLĄSKIE";"ogółem";"ogółem";"2014";175675;"osoba";"";
2400000;"ŚLĄSKIE";"ogółem";"ogółem";"2015";148508;"osoba";"";
2400000;"ŚLĄSKIE";"ogółem";"ogółem";"2016";119981;"osoba";"";
2400000;"ŚLĄSKIE";"ogółem";"ogółem";"2017";94687;"osoba";"";
2400000;"ŚLĄSKIE";"ogółem";"ogółem";"2018";80079;"osoba";"";
2400000;"ŚLĄSKIE";"ogółem";"ogółem";"2019";66521;"osoba";"";
2400000;"ŚLĄSKIE";"ogółem";"ogółem";"2020";91032;"osoba";"";
2400000;"ŚLĄSKIE";"ogółem";"ogółem";"2021";76324;"osoba";"";
2400000;"ŚLĄSKIE";"ogółem";"ogółem";"2022";64903;"osoba";"";
2400000;"ŚLĄSKIE";"ogółem";"ogółem";"2023";62445;"osoba";"";
2400000;"ŚLĄSKIE";"ogółem";"ogółem";"2024";62583;"osoba";"";
2400000;"ŚLĄSKIE";"ogółem";"ogółem";"2025";77144;"osoba";"";
2600000;"ŚWIĘTOKRZYSKIE";"ogółem";"ogółem";"1998";84824;"osoba";"";
2600000;"ŚWIĘTOKRZYSKIE";"ogółem";"ogółem";"1999";107472;"osoba";"";
2600000;"ŚWIĘTOKRZYSKIE";"ogółem";"ogółem";"2000";118469;"osoba";"";
2600000;"ŚWIĘTOKRZYSKIE";"ogółem";"ogółem";"2001";131129;"osoba";"";
2600000;"ŚWIĘTOKRZYSKIE";"ogółem";"ogółem";"2002";131266;"osoba";"";
2600000;"ŚWIĘTOKRZYSKIE";"ogółem";"ogółem";"2003";126538;"osoba";"";
2600000;"ŚWIĘTOKRZYSKIE";"ogółem";"ogółem";"2004";126322;"osoba";"";
2600000;"ŚWIĘTOKRZYSKIE";"ogółem";"ogółem";"2005";117754;"osoba";"";
2600000;"ŚWIĘTOKRZYSKIE";"ogółem";"ogółem";"2006";99406;"osoba";"";
2600000;"ŚWIĘTOKRZYSKIE";"ogółem";"ogółem";"2007";83339;"osoba";"";
2600000;"ŚWIĘTOKRZYSKIE";"ogółem";"ogółem";"2008";77716;"osoba";"";
2600000;"ŚWIĘTOKRZYSKIE";"ogółem";"ogółem";"2009";83819;"osoba";"";
2600000;"ŚWIĘTOKRZYSKIE";"ogółem";"ogółem";"2010";82141;"osoba";"";
2600000;"ŚWIĘTOKRZYSKIE";"ogółem";"ogółem";"2011";83217;"osoba";"";
2600000;"ŚWIĘTOKRZYSKIE";"ogółem";"ogółem";"2012";86708;"osoba";"";
2600000;"ŚWIĘTOKRZYSKIE";"ogółem";"ogółem";"2013";90124;"osoba";"";
2600000;"ŚWIĘTOKRZYSKIE";"ogółem";"ogółem";"2014";75434;"osoba";"";
2600000;"ŚWIĘTOKRZYSKIE";"ogółem";"ogółem";"2015";66131;"osoba";"";
2600000;"ŚWIĘTOKRZYSKIE";"ogółem";"ogółem";"2016";57126;"osoba";"";
2600000;"ŚWIĘTOKRZYSKIE";"ogółem";"ogółem";"2017";46570;"osoba";"";
2600000;"ŚWIĘTOKRZYSKIE";"ogółem";"ogółem";"2018";44118;"osoba";"";
2600000;"ŚWIĘTOKRZYSKIE";"ogółem";"ogółem";"2019";42042;"osoba";"";
2600000;"ŚWIĘTOKRZYSKIE";"ogółem";"ogółem";"2020";44881;"osoba";"";
2600000;"ŚWIĘTOKRZYSKIE";"ogółem";"ogółem";"2021";38035;"osoba";"";
2600000;"ŚWIĘTOKRZYSKIE";"ogółem";"ogółem";"2022";34029;"osoba";"";
2600000;"ŚWIĘTOKRZYSKIE";"ogółem";"ogółem";"2023";33724;"osoba";"";
2600000;"ŚWIĘTOKRZYSKIE";"ogółem";"ogółem";"2024";32289;"osoba";"";
2600000;"ŚWIĘTOKRZYSKIE";"ogółem";"ogółem";"2025";35748;"osoba";"";
2800000;"WARMIŃSKO-MAZURSKIE";"ogółem";"ogółem";"1998";119540;"osoba";"";
2800000;"WARMIŃSKO-MAZURSKIE";"ogółem";"ogółem";"1999";142443;"osoba";"";
2800000;"WARMIŃSKO-MAZURSKIE";"ogółem";"ogółem";"2000";158150;"osoba";"";
2800000;"WARMIŃSKO-MAZURSKIE";"ogółem";"ogółem";"2001";178353;"osoba";"";
2800000;"WARMIŃSKO-MAZURSKIE";"ogółem";"ogółem";"2002";176629;"osoba";"";
2800000;"WARMIŃSKO-MAZURSKIE";"ogółem";"ogółem";"2003";170430;"osoba";"";
2800000;"WARMIŃSKO-MAZURSKIE";"ogółem";"ogółem";"2004";162361;"osoba";"";
2800000;"WARMIŃSKO-MAZURSKIE";"ogółem";"ogółem";"2005";150910;"osoba";"";
2800000;"WARMIŃSKO-MAZURSKIE";"ogółem";"ogółem";"2006";127574;"osoba";"";
2800000;"WARMIŃSKO-MAZURSKIE";"ogółem";"ogółem";"2007";98995;"osoba";"";
2800000;"WARMIŃSKO-MAZURSKIE";"ogółem";"ogółem";"2008";87420;"osoba";"";
2800000;"WARMIŃSKO-MAZURSKIE";"ogółem";"ogółem";"2009";109181;"osoba";"";
2800000;"WARMIŃSKO-MAZURSKIE";"ogółem";"ogółem";"2010";105942;"osoba";"";
2800000;"WARMIŃSKO-MAZURSKIE";"ogółem";"ogółem";"2011";107333;"osoba";"";
2800000;"WARMIŃSKO-MAZURSKIE";"ogółem";"ogółem";"2012";113223;"osoba";"";
2800000;"WARMIŃSKO-MAZURSKIE";"ogółem";"ogółem";"2013";115873;"osoba";"";
2800000;"WARMIŃSKO-MAZURSKIE";"ogółem";"ogółem";"2014";98139;"osoba";"";
2800000;"WARMIŃSKO-MAZURSKIE";"ogółem";"ogółem";"2015";83510;"osoba";"";
2800000;"WARMIŃSKO-MAZURSKIE";"ogółem";"ogółem";"2016";73079;"osoba";"";
2800000;"WARMIŃSKO-MAZURSKIE";"ogółem";"ogółem";"2017";60003;"osoba";"";
2800000;"WARMIŃSKO-MAZURSKIE";"ogółem";"ogółem";"2018";53141;"osoba";"";
2800000;"WARMIŃSKO-MAZURSKIE";"ogółem";"ogółem";"2019";45731;"osoba";"";
2800000;"WARMIŃSKO-MAZURSKIE";"ogółem";"ogółem";"2020";51475;"osoba";"";
2800000;"WARMIŃSKO-MAZURSKIE";"ogółem";"ogółem";"2021";42567;"osoba";"";
2800000;"WARMIŃSKO-MAZURSKIE";"ogółem";"ogółem";"2022";41069;"osoba";"";
2800000;"WARMIŃSKO-MAZURSKIE";"ogółem";"ogółem";"2023";39317;"osoba";"";
2800000;"WARMIŃSKO-MAZURSKIE";"ogółem";"ogółem";"2024";38879;"osoba";"";
2800000;"WARMIŃSKO-MAZURSKIE";"ogółem";"ogółem";"2025";43666;"osoba";"";
3000000;"WIELKOPOLSKIE";"ogółem";"ogółem";"1998";121491;"osoba";"";
3000000;"WIELKOPOLSKIE";"ogółem";"ogółem";"1999";164639;"osoba";"";
3000000;"WIELKOPOLSKIE";"ogółem";"ogółem";"2000";193326;"osoba";"";
3000000;"WIELKOPOLSKIE";"ogółem";"ogółem";"2001";237268;"osoba";"";
3000000;"WIELKOPOLSKIE";"ogółem";"ogółem";"2002";249238;"osoba";"";
3000000;"WIELKOPOLSKIE";"ogółem";"ogółem";"2003";247869;"osoba";"";
3000000;"WIELKOPOLSKIE";"ogółem";"ogółem";"2004";232251;"osoba";"";
3000000;"WIELKOPOLSKIE";"ogółem";"ogółem";"2005";211420;"osoba";"";
3000000;"WIELKOPOLSKIE";"ogółem";"ogółem";"2006";169089;"osoba";"";
3000000;"WIELKOPOLSKIE";"ogółem";"ogółem";"2007";112827;"osoba";"";
3000000;"WIELKOPOLSKIE";"ogółem";"ogółem";"2008";91441;"osoba";"";
3000000;"WIELKOPOLSKIE";"ogółem";"ogółem";"2009";133563;"osoba";"";
3000000;"WIELKOPOLSKIE";"ogółem";"ogółem";"2010";135172;"osoba";"";
3000000;"WIELKOPOLSKIE";"ogółem";"ogółem";"2011";134954;"osoba";"";
3000000;"WIELKOPOLSKIE";"ogółem";"ogółem";"2012";147902;"osoba";"";
3000000;"WIELKOPOLSKIE";"ogółem";"ogółem";"2013";144832;"osoba";"";
3000000;"WIELKOPOLSKIE";"ogółem";"ogółem";"2014";116410;"osoba";"";
3000000;"WIELKOPOLSKIE";"ogółem";"ogółem";"2015";93311;"osoba";"";
3000000;"WIELKOPOLSKIE";"ogółem";"ogółem";"2016";77697;"osoba";"";
3000000;"WIELKOPOLSKIE";"ogółem";"ogółem";"2017";58857;"osoba";"";
3000000;"WIELKOPOLSKIE";"ogółem";"ogółem";"2018";50867;"osoba";"";
3000000;"WIELKOPOLSKIE";"ogółem";"ogółem";"2019";46313;"osoba";"";
3000000;"WIELKOPOLSKIE";"ogółem";"ogółem";"2020";60958;"osoba";"";
3000000;"WIELKOPOLSKIE";"ogółem";"ogółem";"2021";49850;"osoba";"";
3000000;"WIELKOPOLSKIE";"ogółem";"ogółem";"2022";46289;"osoba";"";
3000000;"WIELKOPOLSKIE";"ogółem";"ogółem";"2023";46531;"osoba";"";
3000000;"WIELKOPOLSKIE";"ogółem";"ogółem";"2024";46625;"osoba";"";
3000000;"WIELKOPOLSKIE";"ogółem";"ogółem";"2025";56059;"osoba";"";
3200000;"ZACHODNIOPOMORSKIE";"ogółem";"ogółem";"1998";100644;"osoba";"";
3200000;"ZACHODNIOPOMORSKIE";"ogółem";"ogółem";"1999";130908;"osoba";"";
3200000;"ZACHODNIOPOMORSKIE";"ogółem";"ogółem";"2000";150084;"osoba";"";
3200000;"ZACHODNIOPOMORSKIE";"ogółem";"ogółem";"2001";175341;"osoba";"";
3200000;"ZACHODNIOPOMORSKIE";"ogółem";"ogółem";"2002";189643;"osoba";"";
3200000;"ZACHODNIOPOMORSKIE";"ogółem";"ogółem";"2003";190864;"osoba";"";
3200000;"ZACHODNIOPOMORSKIE";"ogółem";"ogółem";"2004";182692;"osoba";"";
3200000;"ZACHODNIOPOMORSKIE";"ogółem";"ogółem";"2005";168814;"osoba";"";
3200000;"ZACHODNIOPOMORSKIE";"ogółem";"ogółem";"2006";138866;"osoba";"";
3200000;"ZACHODNIOPOMORSKIE";"ogółem";"ogółem";"2007";103241;"osoba";"";
3200000;"ZACHODNIOPOMORSKIE";"ogółem";"ogółem";"2008";82520;"osoba";"";
3200000;"ZACHODNIOPOMORSKIE";"ogółem";"ogółem";"2009";105905;"osoba";"";
3200000;"ZACHODNIOPOMORSKIE";"ogółem";"ogółem";"2010";109964;"osoba";"";
3200000;"ZACHODNIOPOMORSKIE";"ogółem";"ogółem";"2011";108904;"osoba";"";
3200000;"ZACHODNIOPOMORSKIE";"ogółem";"ogółem";"2012";112521;"osoba";"";
3200000;"ZACHODNIOPOMORSKIE";"ogółem";"ogółem";"2013";111063;"osoba";"";
3200000;"ZACHODNIOPOMORSKIE";"ogółem";"ogółem";"2014";94465;"osoba";"";
3200000;"ZACHODNIOPOMORSKIE";"ogółem";"ogółem";"2015";79393;"osoba";"";
3200000;"ZACHODNIOPOMORSKIE";"ogółem";"ogółem";"2016";65842;"osoba";"";
3200000;"ZACHODNIOPOMORSKIE";"ogółem";"ogółem";"2017";52599;"osoba";"";
3200000;"ZACHODNIOPOMORSKIE";"ogółem";"ogółem";"2018";46002;"osoba";"";
3200000;"ZACHODNIOPOMORSKIE";"ogółem";"ogółem";"2019";41771;"osoba";"";
3200000;"ZACHODNIOPOMORSKIE";"ogółem";"ogółem";"2020";52018;"osoba";"";
3200000;"ZACHODNIOPOMORSKIE";"ogółem";"ogółem";"2021";43446;"osoba";"";
3200000;"ZACHODNIOPOMORSKIE";"ogółem";"ogółem";"2022";40144;"osoba";"";
3200000;"ZACHODNIOPOMORSKIE";"ogółem";"ogółem";"2023";39709;"osoba";"";
3200000;"ZACHODNIOPOMORSKIE";"ogółem";"ogółem";"2024";39675;"osoba";"";
3200000;"ZACHODNIOPOMORSKIE";"ogółem";"ogółem";"2025";44968;"osoba";"";
